Keyword,Content,sentiment_score,Date_of_posting,Reply_status,reply_delay,Key_relevance,app_name
bad app,Very bad app üëéüëéüëé,-1,2025-09-11 19:01:18,1,12.216666666666667,0.8342,Ola
price app,Very bad app üëéüëéüëé,-1,2025-09-11 19:01:18,1,12.216666666666667,0.6248,Ola
bad experience,Very bad app üëéüëéüëé,-1,2025-09-11 19:01:18,1,12.216666666666667,0.4163,Ola
value money,value for money!,0,2025-09-11 18:43:37,1,8.383333333333333,0.8556,Ola
money scammers,value for money!,0,2025-09-11 18:43:37,1,8.383333333333333,0.6402,Ola
excellent,excellent,1,2025-09-11 18:32:34,1,9.366666666666667,1.0,Ola
wise good,Good,1,2025-09-11 18:04:38,1,7.083333333333333,1.0,Ola
super,superb sarvice üëçüèª,1,2025-09-11 17:52:07,0,,0.9197,Ola
sarvice aap,superb sarvice üëçüèª,1,2025-09-11 17:52:07,0,,0.7795,Ola
emergencies ola,"Extremely unsafe and disappointing experience. Driver misconduct, wrongful charges, and being stranded mid-ride ‚Äî this is what I faced. Instead of help, I was met with silence and a robotic app that offers no way to reach a real human in emergencies. Ola promised action and a refund, but nothing has been resolved. Safety and trust should never be compromised, yet both were completely ignored here. Until Ola fixes its broken support system and ensures accountability, passengers remain at risk.",-1,2025-09-11 17:31:18,1,3.7,0.5885,Ola
driver misconduct,"Extremely unsafe and disappointing experience. Driver misconduct, wrongful charges, and being stranded mid-ride ‚Äî this is what I faced. Instead of help, I was met with silence and a robotic app that offers no way to reach a real human in emergencies. Ola promised action and a refund, but nothing has been resolved. Safety and trust should never be compromised, yet both were completely ignored here. Until Ola fixes its broken support system and ensures accountability, passengers remain at risk.",-1,2025-09-11 17:31:18,1,3.7,0.4005,Ola
passengers remain,"Extremely unsafe and disappointing experience. Driver misconduct, wrongful charges, and being stranded mid-ride ‚Äî this is what I faced. Instead of help, I was met with silence and a robotic app that offers no way to reach a real human in emergencies. Ola promised action and a refund, but nothing has been resolved. Safety and trust should never be compromised, yet both were completely ignored here. Until Ola fixes its broken support system and ensures accountability, passengers remain at risk.",-1,2025-09-11 17:31:18,1,3.7,0.3703,Ola
silence robotic,"Extremely unsafe and disappointing experience. Driver misconduct, wrongful charges, and being stranded mid-ride ‚Äî this is what I faced. Instead of help, I was met with silence and a robotic app that offers no way to reach a real human in emergencies. Ola promised action and a refund, but nothing has been resolved. Safety and trust should never be compromised, yet both were completely ignored here. Until Ola fixes its broken support system and ensures accountability, passengers remain at risk.",-1,2025-09-11 17:31:18,1,3.7,0.2634,Ola
reach real,"Extremely unsafe and disappointing experience. Driver misconduct, wrongful charges, and being stranded mid-ride ‚Äî this is what I faced. Instead of help, I was met with silence and a robotic app that offers no way to reach a real human in emergencies. Ola promised action and a refund, but nothing has been resolved. Safety and trust should never be compromised, yet both were completely ignored here. Until Ola fixes its broken support system and ensures accountability, passengers remain at risk.",-1,2025-09-11 17:31:18,1,3.7,0.1322,Ola
hai parking,ola ka ek system bhohot kharab hai ki mumbai airport parking me scam chalu hai driver andar aate hai parking me hadi khada karenge then apni marji ka bada bhada jab tak nahi milega tab tak wo log jate nahi hai uske wajah se driver line aage badhati nahi jaldi abhi halat ye hai ki line me pick karne ke liye ek gadi nahi rehti aur number par 150 gadi hoti hai aur waha par ek alag line lagi huyi hoti hai jo roj ke khas bande hote hai jo sirf bade bade prime plus bhade uthate hai direct,0,2025-09-11 17:30:03,1,4.8,0.6042,Ola
unable driver,ola ka ek system bhohot kharab hai ki mumbai airport parking me scam chalu hai driver andar aate hai parking me hadi khada karenge then apni marji ka bada bhada jab tak nahi milega tab tak wo log jate nahi hai uske wajah se driver line aage badhati nahi jaldi abhi halat ye hai ki line me pick karne ke liye ek gadi nahi rehti aur number par 150 gadi hoti hai aur waha par ek alag line lagi huyi hoti hai jo roj ke khas bande hote hai jo sirf bade bade prime plus bhade uthate hai direct,0,2025-09-11 17:30:03,1,4.8,0.2294,Ola
alag line,ola ka ek system bhohot kharab hai ki mumbai airport parking me scam chalu hai driver andar aate hai parking me hadi khada karenge then apni marji ka bada bhada jab tak nahi milega tab tak wo log jate nahi hai uske wajah se driver line aage badhati nahi jaldi abhi halat ye hai ki line me pick karne ke liye ek gadi nahi rehti aur number par 150 gadi hoti hai aur waha par ek alag line lagi huyi hoti hai jo roj ke khas bande hote hai jo sirf bade bade prime plus bhade uthate hai direct,0,2025-09-11 17:30:03,1,4.8,0.2237,Ola
scam steal,ola ka ek system bhohot kharab hai ki mumbai airport parking me scam chalu hai driver andar aate hai parking me hadi khada karenge then apni marji ka bada bhada jab tak nahi milega tab tak wo log jate nahi hai uske wajah se driver line aage badhati nahi jaldi abhi halat ye hai ki line me pick karne ke liye ek gadi nahi rehti aur number par 150 gadi hoti hai aur waha par ek alag line lagi huyi hoti hai jo roj ke khas bande hote hai jo sirf bade bade prime plus bhade uthate hai direct,0,2025-09-11 17:30:03,1,4.8,0.2116,Ola
pick karne,ola ka ek system bhohot kharab hai ki mumbai airport parking me scam chalu hai driver andar aate hai parking me hadi khada karenge then apni marji ka bada bhada jab tak nahi milega tab tak wo log jate nahi hai uske wajah se driver line aage badhati nahi jaldi abhi halat ye hai ki line me pick karne ke liye ek gadi nahi rehti aur number par 150 gadi hoti hai aur waha par ek alag line lagi huyi hoti hai jo roj ke khas bande hote hai jo sirf bade bade prime plus bhade uthate hai direct,0,2025-09-11 17:30:03,1,4.8,0.1573,Ola
gokul vasan,Gokul Vasan best drive ever from ola. he was polite and professional with top notch ambience,1,2025-09-11 17:21:56,1,13.2,0.6216,Ola
drive ola,Gokul Vasan best drive ever from ola. he was polite and professional with top notch ambience,1,2025-09-11 17:21:56,1,13.2,0.5655,Ola
notch ambience,Gokul Vasan best drive ever from ola. he was polite and professional with top notch ambience,1,2025-09-11 17:21:56,1,13.2,0.2178,Ola
polite nice,Gokul Vasan best drive ever from ola. he was polite and professional with top notch ambience,1,2025-09-11 17:21:56,1,13.2,0.1938,Ola
best far,Gokul Vasan best drive ever from ola. he was polite and professional with top notch ambience,1,2025-09-11 17:21:56,1,13.2,0.1903,Ola
asking tips,"stop asking for tips ,it's upto the customer",0,2025-09-11 17:17:12,0,,0.7505,Ola
tips upto,"stop asking for tips ,it's upto the customer",0,2025-09-11 17:17:12,0,,0.6725,Ola
upto customer,"stop asking for tips ,it's upto the customer",0,2025-09-11 17:17:12,0,,0.4818,Ola
stop,"stop asking for tips ,it's upto the customer",0,2025-09-11 17:17:12,0,,0.4341,Ola
toll fee,App does not mention about toll fee while selecting ride. Nor does it show break-up of the total fare during the ride.,0,2025-09-11 16:45:31,1,6.483333333333333,0.6211,Ola
selecting ride,App does not mention about toll fee while selecting ride. Nor does it show break-up of the total fare during the ride.,0,2025-09-11 16:45:31,1,6.483333333333333,0.3935,Ola
app doesn,App does not mention about toll fee while selecting ride. Nor does it show break-up of the total fare during the ride.,0,2025-09-11 16:45:31,1,6.483333333333333,0.3024,Ola
break total,App does not mention about toll fee while selecting ride. Nor does it show break-up of the total fare during the ride.,0,2025-09-11 16:45:31,1,6.483333333333333,0.146,Ola
mention drivers,App does not mention about toll fee while selecting ride. Nor does it show break-up of the total fare during the ride.,0,2025-09-11 16:45:31,1,6.483333333333333,0.0573,Ola
good driver,good drive,1,2025-09-11 16:41:21,1,11.816666666666666,1.0,Ola
drivers dont,good drive,1,2025-09-11 16:41:21,1,11.816666666666666,0.6767,Ola
wise good,good drive,1,2025-09-11 16:41:21,1,11.816666666666666,0.4051,Ola
best far,best,0,2025-09-11 16:12:17,1,10.433333333333334,1.0,Ola
wise good,good,1,2025-09-11 15:51:15,1,11.15,1.0,Ola
nice service,very nice service n price,1,2025-09-11 15:36:29,1,9.3,0.7115,Ola
service price,very nice service n price,1,2025-09-11 15:36:29,1,9.3,0.5918,Ola
loved service,very nice service n price,1,2025-09-11 15:36:29,1,9.3,0.491,Ola
price app,very nice service n price,1,2025-09-11 15:36:29,1,9.3,0.4609,Ola
nice person,very nice service n price,1,2025-09-11 15:36:29,1,9.3,0.2506,Ola
good behaviour,very good behaviour,1,2025-09-11 15:28:24,1,3.933333333333333,0.9024,Ola
wise good,very good behaviour,1,2025-09-11 15:28:24,1,3.933333333333333,0.4628,Ola
good service,Good service,1,2025-09-11 15:24:56,1,7.516666666666667,1.0,Ola
loved service,Good service,1,2025-09-11 15:24:56,1,7.516666666666667,0.6827,Ola
wise good,Good service,1,2025-09-11 15:24:56,1,7.516666666666667,0.4384,Ola
ola rides,Ola rides are good,1,2025-09-11 14:54:08,1,10.45,0.8842,Ola
prices good,Ola rides are good,1,2025-09-11 14:54:08,1,10.45,0.6701,Ola
rides ubder,Ola rides are good,1,2025-09-11 14:54:08,1,10.45,0.6105,Ola
drive ola,Ola rides are good,1,2025-09-11 14:54:08,1,10.45,0.6044,Ola
wise good,Ola rides are good,1,2025-09-11 14:54:08,1,10.45,0.1585,Ola
wise good,good,1,2025-09-11 14:40:52,1,1.0333333333333334,1.0,Ola
confirm ride,It takes a lot of time and does not even confirm the ride . better to use other apps,-1,2025-09-11 14:11:11,1,17.25,0.4897,Ola
apps,It takes a lot of time and does not even confirm the ride . better to use other apps,-1,2025-09-11 14:11:11,1,17.25,0.3858,Ola
takes lot,It takes a lot of time and does not even confirm the ride . better to use other apps,-1,2025-09-11 14:11:11,1,17.25,0.2075,Ola
time favorite,It takes a lot of time and does not even confirm the ride . better to use other apps,-1,2025-09-11 14:11:11,1,17.25,0.12,Ola
uber better,It takes a lot of time and does not even confirm the ride . better to use other apps,-1,2025-09-11 14:11:11,1,17.25,0.0521,Ola
rapido,chor company please don't book ola use rapido always best experience,0,2025-09-11 14:06:04,1,6.85,0.6508,Ola
chor company,chor company please don't book ola use rapido always best experience,0,2025-09-11 14:06:04,1,6.85,0.4802,Ola
book ola,chor company please don't book ola use rapido always best experience,0,2025-09-11 14:06:04,1,6.85,0.4689,Ola
worst experience,chor company please don't book ola use rapido always best experience,0,2025-09-11 14:06:04,1,6.85,0.3766,Ola
drivers dont,chor company please don't book ola use rapido always best experience,0,2025-09-11 14:06:04,1,6.85,0.1559,Ola
nood aap,This is a very good aap.,1,2025-09-11 13:52:48,1,8.766666666666667,0.8256,Ola
wise good,This is a very good aap.,1,2025-09-11 13:52:48,1,8.766666666666667,0.2321,Ola
ride confirm,Ride will not confirm soon,0,2025-09-11 13:51:46,1,10.133333333333333,0.8432,Ola
rides ubder,Ride will not confirm soon,0,2025-09-11 13:51:46,1,10.133333333333333,0.5849,Ola
confirm soon,Ride will not confirm soon,0,2025-09-11 13:51:46,1,10.133333333333333,0.5345,Ola
auto driver,bad experience for working professionals at 6 pm no one auto drives comes what kind of app is this bloody hell,-1,2025-09-11 13:33:30,1,9.0,0.6116,Ola
working professionals,bad experience for working professionals at 6 pm no one auto drives comes what kind of app is this bloody hell,-1,2025-09-11 13:33:30,1,9.0,0.3565,Ola
bad experience,bad experience for working professionals at 6 pm no one auto drives comes what kind of app is this bloody hell,-1,2025-09-11 13:33:30,1,9.0,0.3351,Ola
app bloody,bad experience for working professionals at 6 pm no one auto drives comes what kind of app is this bloody hell,-1,2025-09-11 13:33:30,1,9.0,0.3317,Ola
comes kind,bad experience for working professionals at 6 pm no one auto drives comes what kind of app is this bloody hell,-1,2025-09-11 13:33:30,1,9.0,0.0389,Ola
cancel trip,so many drivers cancel the ride to improve this system,0,2025-09-11 13:29:17,1,4.0,0.6875,Ola
drivers cancel,so many drivers cancel the ride to improve this system,0,2025-09-11 13:29:17,1,4.0,0.6722,Ola
ride improve,so many drivers cancel the ride to improve this system,0,2025-09-11 13:29:17,1,4.0,0.5443,Ola
drivers dont,so many drivers cancel the ride to improve this system,0,2025-09-11 13:29:17,1,4.0,0.4977,Ola
improvements recent,so many drivers cancel the ride to improve this system,0,2025-09-11 13:29:17,1,4.0,0.1843,Ola
etching,etching,0,2025-09-11 12:52:17,0,,1.0,Ola
app osam,Your app is very osam,-1,2025-09-11 12:47:39,1,6.75,0.7974,Ola
price app,Your app is very osam,-1,2025-09-11 12:47:39,1,6.75,0.5223,Ola
drivers rude,some drivers are very rude always asking for extra money.....bad behaviour,-1,2025-09-11 12:30:22,1,2.433333333333333,0.7639,Ola
extra money,some drivers are very rude always asking for extra money.....bad behaviour,-1,2025-09-11 12:30:22,1,2.433333333333333,0.338,Ola
good behaviour,some drivers are very rude always asking for extra money.....bad behaviour,-1,2025-09-11 12:30:22,1,2.433333333333333,0.2306,Ola
asking tips,some drivers are very rude always asking for extra money.....bad behaviour,-1,2025-09-11 12:30:22,1,2.433333333333333,0.2035,Ola
bad experience,some drivers are very rude always asking for extra money.....bad behaviour,-1,2025-09-11 12:30:22,1,2.433333333333333,0.162,Ola
bad response,good response,1,2025-09-11 12:25:23,1,7.766666666666667,1.0,Ola
response emergency,good response,1,2025-09-11 12:25:23,1,7.766666666666667,0.6187,Ola
wise good,good response,1,2025-09-11 12:25:23,1,7.766666666666667,0.4335,Ola
best far,Best,0,2025-09-11 12:16:42,1,5.416666666666667,1.0,Ola
deducted rides,"I booked 2 Ola parcel rides this week, money was deducted but the rides were not even confirmed. No refund initiated and no way to connect with Ola customer support. Very frustrating and unreliable experience.",-1,2025-09-11 12:16:26,1,10.833333333333334,0.6034,Ola
connect ola,"I booked 2 Ola parcel rides this week, money was deducted but the rides were not even confirmed. No refund initiated and no way to connect with Ola customer support. Very frustrating and unreliable experience.",-1,2025-09-11 12:16:26,1,10.833333333333334,0.4365,Ola
confirmed refund,"I booked 2 Ola parcel rides this week, money was deducted but the rides were not even confirmed. No refund initiated and no way to connect with Ola customer support. Very frustrating and unreliable experience.",-1,2025-09-11 12:16:26,1,10.833333333333334,0.381,Ola
parcel,"I booked 2 Ola parcel rides this week, money was deducted but the rides were not even confirmed. No refund initiated and no way to connect with Ola customer support. Very frustrating and unreliable experience.",-1,2025-09-11 12:16:26,1,10.833333333333334,0.3577,Ola
minute frustrating,"I booked 2 Ola parcel rides this week, money was deducted but the rides were not even confirmed. No refund initiated and no way to connect with Ola customer support. Very frustrating and unreliable experience.",-1,2025-09-11 12:16:26,1,10.833333333333334,0.1063,Ola
rakhi hai,faltu app hai puri asi tesi kr rakhi hai app ki,0,2025-09-11 12:08:36,1,3.5833333333333335,0.6861,Ola
faltu app,faltu app hai puri asi tesi kr rakhi hai app ki,0,2025-09-11 12:08:36,1,3.5833333333333335,0.5417,Ola
puri asi,faltu app hai puri asi tesi kr rakhi hai app ki,0,2025-09-11 12:08:36,1,3.5833333333333335,0.4687,Ola
tesi,faltu app hai puri asi tesi kr rakhi hai app ki,0,2025-09-11 12:08:36,1,3.5833333333333335,0.2885,Ola
wait krte,faltu app hai puri asi tesi kr rakhi hai app ki,0,2025-09-11 12:08:36,1,3.5833333333333335,0.2537,Ola
good service,very good service,1,2025-09-11 11:40:26,1,2.933333333333333,0.8937,Ola
loved service,very good service,1,2025-09-11 11:40:26,1,2.933333333333333,0.5967,Ola
wise good,very good service,1,2025-09-11 11:40:26,1,2.933333333333333,0.3583,Ola
wise good,good,1,2025-09-11 11:39:46,0,,1.0,Ola
foods delivered,"very poor support. ordered food from ola foods but not delivered, and still it is showing delivered and there is no chat support or voice support. I still not received any kind of solution from ola end, only ticket has been created.is this really a joke? waited for an hour for food but no use. showing delivered after 4 hours at midnight 12:30 am,ordered food at 8:15 pm.",-1,2025-09-11 11:20:46,1,2.65,0.5191,Ola
chat support,"very poor support. ordered food from ola foods but not delivered, and still it is showing delivered and there is no chat support or voice support. I still not received any kind of solution from ola end, only ticket has been created.is this really a joke? waited for an hour for food but no use. showing delivered after 4 hours at midnight 12:30 am,ordered food at 8:15 pm.",-1,2025-09-11 11:20:46,1,2.65,0.3886,Ola
ola end,"very poor support. ordered food from ola foods but not delivered, and still it is showing delivered and there is no chat support or voice support. I still not received any kind of solution from ola end, only ticket has been created.is this really a joke? waited for an hour for food but no use. showing delivered after 4 hours at midnight 12:30 am,ordered food at 8:15 pm.",-1,2025-09-11 11:20:46,1,2.65,0.3425,Ola
waited hour,"very poor support. ordered food from ola foods but not delivered, and still it is showing delivered and there is no chat support or voice support. I still not received any kind of solution from ola end, only ticket has been created.is this really a joke? waited for an hour for food but no use. showing delivered after 4 hours at midnight 12:30 am,ordered food at 8:15 pm.",-1,2025-09-11 11:20:46,1,2.65,0.3033,Ola
received,"very poor support. ordered food from ola foods but not delivered, and still it is showing delivered and there is no chat support or voice support. I still not received any kind of solution from ola end, only ticket has been created.is this really a joke? waited for an hour for food but no use. showing delivered after 4 hours at midnight 12:30 am,ordered food at 8:15 pm.",-1,2025-09-11 11:20:46,1,2.65,0.2028,Ola
best app,best app,1,2025-09-11 10:56:58,1,5.716666666666667,1.0,Ola
price app,best app,1,2025-09-11 10:56:58,1,5.716666666666667,0.7419,Ola
best far,best app,1,2025-09-11 10:56:58,1,5.716666666666667,0.4603,Ola
worst final,worst,-1,2025-09-11 10:52:04,0,,1.0,Ola
super,super,0,2025-09-11 10:51:44,1,10.916666666666666,1.0,Ola
good service,very good service,1,2025-09-11 10:50:57,1,2.0833333333333335,0.8937,Ola
loved service,very good service,1,2025-09-11 10:50:57,1,2.0833333333333335,0.5967,Ola
wise good,very good service,1,2025-09-11 10:50:57,1,2.0833333333333335,0.3583,Ola
safety ride,safety ride üòÄ very cheap prices,1,2025-09-11 10:38:29,0,,0.6907,Ola
ride cheap,safety ride üòÄ very cheap prices,1,2025-09-11 10:38:29,0,,0.6558,Ola
cheap prices,safety ride üòÄ very cheap prices,1,2025-09-11 10:38:29,0,,0.5191,Ola
safety wellbeing,safety ride üòÄ very cheap prices,1,2025-09-11 10:38:29,0,,0.4667,Ola
rides ubder,safety ride üòÄ very cheap prices,1,2025-09-11 10:38:29,0,,0.4664,Ola
notifications notifs,"- The app heats up the phone, it hangs the phone, it is heavy on phone. I have pixel 8 pro, and I have used ola on other devices too, same issue everywhere. - Lot of notifications, same notifs pop up multiple times throughout the day, sometimes back to back for 4-5 times, phone bell keeps on pinging it is annoying! When I go in option to turn off the notification, it shows that the advertisement is tagged under ride updates, so I can't really close the notifs coz then ride notifs will stop too!",-1,2025-09-11 10:31:42,1,11.616666666666667,0.4865,Ola
phone hangs,"- The app heats up the phone, it hangs the phone, it is heavy on phone. I have pixel 8 pro, and I have used ola on other devices too, same issue everywhere. - Lot of notifications, same notifs pop up multiple times throughout the day, sometimes back to back for 4-5 times, phone bell keeps on pinging it is annoying! When I go in option to turn off the notification, it shows that the advertisement is tagged under ride updates, so I can't really close the notifs coz then ride notifs will stop too!",-1,2025-09-11 10:31:42,1,11.616666666666667,0.4144,Ola
update,"- The app heats up the phone, it hangs the phone, it is heavy on phone. I have pixel 8 pro, and I have used ola on other devices too, same issue everywhere. - Lot of notifications, same notifs pop up multiple times throughout the day, sometimes back to back for 4-5 times, phone bell keeps on pinging it is annoying! When I go in option to turn off the notification, it shows that the advertisement is tagged under ride updates, so I can't really close the notifs coz then ride notifs will stop too!",-1,2025-09-11 10:31:42,1,11.616666666666667,0.3764,Ola
eats,"- The app heats up the phone, it hangs the phone, it is heavy on phone. I have pixel 8 pro, and I have used ola on other devices too, same issue everywhere. - Lot of notifications, same notifs pop up multiple times throughout the day, sometimes back to back for 4-5 times, phone bell keeps on pinging it is annoying! When I go in option to turn off the notification, it shows that the advertisement is tagged under ride updates, so I can't really close the notifs coz then ride notifs will stop too!",-1,2025-09-11 10:31:42,1,11.616666666666667,0.299,Ola
used ola,"- The app heats up the phone, it hangs the phone, it is heavy on phone. I have pixel 8 pro, and I have used ola on other devices too, same issue everywhere. - Lot of notifications, same notifs pop up multiple times throughout the day, sometimes back to back for 4-5 times, phone bell keeps on pinging it is annoying! When I go in option to turn off the notification, it shows that the advertisement is tagged under ride updates, so I can't really close the notifs coz then ride notifs will stop too!",-1,2025-09-11 10:31:42,1,11.616666666666667,0.2236,Ola
nice service,nice service,1,2025-09-11 10:23:32,1,8.283333333333333,1.0,Ola
loved service,nice service,1,2025-09-11 10:23:32,1,8.283333333333333,0.607,Ola
nice person,nice service,1,2025-09-11 10:23:32,1,8.283333333333333,0.401,Ola
wise good,good,1,2025-09-11 10:19:39,1,3.5833333333333335,1.0,Ola
ride related,there is no proper help provided for any ride related issues,-1,2025-09-11 09:47:45,1,4.233333333333333,0.5753,Ola
related issues,there is no proper help provided for any ride related issues,-1,2025-09-11 09:47:45,1,4.233333333333333,0.4229,Ola
help lot,there is no proper help provided for any ride related issues,-1,2025-09-11 09:47:45,1,4.233333333333333,0.1928,Ola
map proper,there is no proper help provided for any ride related issues,-1,2025-09-11 09:47:45,1,4.233333333333333,0.172,Ola
provided,there is no proper help provided for any ride related issues,-1,2025-09-11 09:47:45,1,4.233333333333333,0.1416,Ola
excellent,Excellent üëåüëç!!.,1,2025-09-11 09:33:05,1,8.783333333333333,0.6028,Ola
fraud uber,fraud,-1,2025-09-11 09:22:00,1,10.183333333333334,1.0,Ola
good ‡∞™‡∞∞,good ‡∞™‡∞∞‡±ç‡∞∏‡∞®‡±ç,1,2025-09-11 09:16:51,1,7.35,1.0,Ola
wise good,good ‡∞™‡∞∞‡±ç‡∞∏‡∞®‡±ç,1,2025-09-11 09:16:51,1,7.35,0.794,Ola
‡∞∏‡∞®,good ‡∞™‡∞∞‡±ç‡∞∏‡∞®‡±ç,1,2025-09-11 09:16:51,1,7.35,0.5411,Ola
recharge app,I have got a really disappointing experience from OLA from my last ride . The driver dropped us in the mid way to the final destination after taking OTP he denied to go to the drop location.And dropped us on roadside during Rain and their is no action regarding our complaint against the driver and even worst was that we had got fully charged for this. Even yet we doesn't get any refund from the side and now the site is asking to recharge the app for it .,-1,2025-09-11 09:11:25,1,12.366666666666667,0.4886,Ola
ola rides,I have got a really disappointing experience from OLA from my last ride . The driver dropped us in the mid way to the final destination after taking OTP he denied to go to the drop location.And dropped us on roadside during Rain and their is no action regarding our complaint against the driver and even worst was that we had got fully charged for this. Even yet we doesn't get any refund from the side and now the site is asking to recharge the app for it .,-1,2025-09-11 09:11:25,1,12.366666666666667,0.4253,Ola
otp denied,I have got a really disappointing experience from OLA from my last ride . The driver dropped us in the mid way to the final destination after taking OTP he denied to go to the drop location.And dropped us on roadside during Rain and their is no action regarding our complaint against the driver and even worst was that we had got fully charged for this. Even yet we doesn't get any refund from the side and now the site is asking to recharge the app for it .,-1,2025-09-11 09:11:25,1,12.366666666666667,0.4155,Ola
dropped roadside,I have got a really disappointing experience from OLA from my last ride . The driver dropped us in the mid way to the final destination after taking OTP he denied to go to the drop location.And dropped us on roadside during Rain and their is no action regarding our complaint against the driver and even worst was that we had got fully charged for this. Even yet we doesn't get any refund from the side and now the site is asking to recharge the app for it .,-1,2025-09-11 09:11:25,1,12.366666666666667,0.3793,Ola
point,I have got a really disappointing experience from OLA from my last ride . The driver dropped us in the mid way to the final destination after taking OTP he denied to go to the drop location.And dropped us on roadside during Rain and their is no action regarding our complaint against the driver and even worst was that we had got fully charged for this. Even yet we doesn't get any refund from the side and now the site is asking to recharge the app for it .,-1,2025-09-11 09:11:25,1,12.366666666666667,0.1377,Ola
booking app,"The most pathetic cab booking app ever, tried to book an auto few times for my hospital visits, but never get one, I suggest people not to waste time and energy using this useless aap, rapido is far more better as compared to it.",-1,2025-09-11 08:51:57,1,13.7,0.5625,Ola
useless aap,"The most pathetic cab booking app ever, tried to book an auto few times for my hospital visits, but never get one, I suggest people not to waste time and energy using this useless aap, rapido is far more better as compared to it.",-1,2025-09-11 08:51:57,1,13.7,0.3497,Ola
rapido,"The most pathetic cab booking app ever, tried to book an auto few times for my hospital visits, but never get one, I suggest people not to waste time and energy using this useless aap, rapido is far more better as compared to it.",-1,2025-09-11 08:51:57,1,13.7,0.3474,Ola
pathetic cab,"The most pathetic cab booking app ever, tried to book an auto few times for my hospital visits, but never get one, I suggest people not to waste time and energy using this useless aap, rapido is far more better as compared to it.",-1,2025-09-11 08:51:57,1,13.7,0.3186,Ola
hospital visits,"The most pathetic cab booking app ever, tried to book an auto few times for my hospital visits, but never get one, I suggest people not to waste time and energy using this useless aap, rapido is far more better as compared to it.",-1,2025-09-11 08:51:57,1,13.7,0.312,Ola
wise good,Good,1,2025-09-11 08:28:43,1,3.6666666666666665,1.0,Ola
best service,Best Service,1,2025-09-11 08:23:11,1,9.616666666666667,1.0,Ola
loved service,Best Service,1,2025-09-11 08:23:11,1,9.616666666666667,0.7333,Ola
best far,Best Service,1,2025-09-11 08:23:11,1,9.616666666666667,0.5849,Ola
uber driver,"no customer services related to driver issues, no emergency helpline number ,no service center in Nagpur. if driver behave inappropriately we will be unable to register any complaint against them...",-1,2025-09-11 08:09:52,1,4.266666666666667,0.7135,Ola
emergency helpline,"no customer services related to driver issues, no emergency helpline number ,no service center in Nagpur. if driver behave inappropriately we will be unable to register any complaint against them...",-1,2025-09-11 08:09:52,1,4.266666666666667,0.2799,Ola
complaint,"no customer services related to driver issues, no emergency helpline number ,no service center in Nagpur. if driver behave inappropriately we will be unable to register any complaint against them...",-1,2025-09-11 08:09:52,1,4.266666666666667,0.2748,Ola
behave inappropriately,"no customer services related to driver issues, no emergency helpline number ,no service center in Nagpur. if driver behave inappropriately we will be unable to register any complaint against them...",-1,2025-09-11 08:09:52,1,4.266666666666667,0.1374,Ola
related issues,"no customer services related to driver issues, no emergency helpline number ,no service center in Nagpur. if driver behave inappropriately we will be unable to register any complaint against them...",-1,2025-09-11 08:09:52,1,4.266666666666667,0.0882,Ola
fast,fast pickup,0,2025-09-11 08:02:06,1,11.0,1.0,Ola
reach pickup,fast pickup,0,2025-09-11 08:02:06,1,11.0,0.7754,Ola
app bugging,app is bugging. rides are getting booked 30 mins after I've cancelled booking and closed the app.,-1,2025-09-11 07:59:12,1,3.6166666666666667,0.5833,Ola
booking closed,app is bugging. rides are getting booked 30 mins after I've cancelled booking and closed the app.,-1,2025-09-11 07:59:12,1,3.6166666666666667,0.4962,Ola
rides ubder,app is bugging. rides are getting booked 30 mins after I've cancelled booking and closed the app.,-1,2025-09-11 07:59:12,1,3.6166666666666667,0.3965,Ola
30 min,app is bugging. rides are getting booked 30 mins after I've cancelled booking and closed the app.,-1,2025-09-11 07:59:12,1,3.6166666666666667,0.2662,Ola
goes negative,app is bugging. rides are getting booked 30 mins after I've cancelled booking and closed the app.,-1,2025-09-11 07:59:12,1,3.6166666666666667,0.0587,Ola
waldemar awesome,Awesome,1,2025-09-11 07:15:41,1,8.233333333333333,1.0,Ola
loved service,very bad service. customer care team do not respond. also the app is third class. i have chased them on twitter still they did not respond.,-1,2025-09-11 06:48:51,1,3.4833333333333334,0.571,Ola
app class,very bad service. customer care team do not respond. also the app is third class. i have chased them on twitter still they did not respond.,-1,2025-09-11 06:48:51,1,3.4833333333333334,0.3984,Ola
twitter did,very bad service. customer care team do not respond. also the app is third class. i have chased them on twitter still they did not respond.,-1,2025-09-11 06:48:51,1,3.4833333333333334,0.2974,Ola
care team,very bad service. customer care team do not respond. also the app is third class. i have chased them on twitter still they did not respond.,-1,2025-09-11 06:48:51,1,3.4833333333333334,0.2294,Ola
shuttle purchased,very bad service. customer care team do not respond. also the app is third class. i have chased them on twitter still they did not respond.,-1,2025-09-11 06:48:51,1,3.4833333333333334,0.1655,Ola
ola foods,"Extremely disappointed with Ola Foods! Ordered from Gowda Donne Biryani on Sep 9, 2025 (Order #ONDC_890354XILthP), but food never arrived. App wrongly marked it as 'Delivered'. Raised a query, but support team didn't respond or refund. Unacceptable experience! Requesting others to be cautious. No refund, no apology, no resolution. Update your app and customer service, Ola Foods! Strongly recommend a customer helpline service!",-1,2025-09-11 06:40:35,1,1.7333333333333334,0.6383,Ola
update,"Extremely disappointed with Ola Foods! Ordered from Gowda Donne Biryani on Sep 9, 2025 (Order #ONDC_890354XILthP), but food never arrived. App wrongly marked it as 'Delivered'. Raised a query, but support team didn't respond or refund. Unacceptable experience! Requesting others to be cautious. No refund, no apology, no resolution. Update your app and customer service, Ola Foods! Strongly recommend a customer helpline service!",-1,2025-09-11 06:40:35,1,1.7333333333333334,0.2773,Ola
respond refund,"Extremely disappointed with Ola Foods! Ordered from Gowda Donne Biryani on Sep 9, 2025 (Order #ONDC_890354XILthP), but food never arrived. App wrongly marked it as 'Delivered'. Raised a query, but support team didn't respond or refund. Unacceptable experience! Requesting others to be cautious. No refund, no apology, no resolution. Update your app and customer service, Ola Foods! Strongly recommend a customer helpline service!",-1,2025-09-11 06:40:35,1,1.7333333333333334,0.2542,Ola
donne biryani,"Extremely disappointed with Ola Foods! Ordered from Gowda Donne Biryani on Sep 9, 2025 (Order #ONDC_890354XILthP), but food never arrived. App wrongly marked it as 'Delivered'. Raised a query, but support team didn't respond or refund. Unacceptable experience! Requesting others to be cautious. No refund, no apology, no resolution. Update your app and customer service, Ola Foods! Strongly recommend a customer helpline service!",-1,2025-09-11 06:40:35,1,1.7333333333333334,0.2506,Ola
cautious,"Extremely disappointed with Ola Foods! Ordered from Gowda Donne Biryani on Sep 9, 2025 (Order #ONDC_890354XILthP), but food never arrived. App wrongly marked it as 'Delivered'. Raised a query, but support team didn't respond or refund. Unacceptable experience! Requesting others to be cautious. No refund, no apology, no resolution. Update your app and customer service, Ola Foods! Strongly recommend a customer helpline service!",-1,2025-09-11 06:40:35,1,1.7333333333333334,0.166,Ola
bad app,bad app as well as bad service,-1,2025-09-11 06:20:05,1,2.2,0.8097,Ola
loved service,bad app as well as bad service,-1,2025-09-11 06:20:05,1,2.2,0.6801,Ola
price app,bad app as well as bad service,-1,2025-09-11 06:20:05,1,2.2,0.5106,Ola
bad experience,bad app as well as bad service,-1,2025-09-11 06:20:05,1,2.2,0.2845,Ola
application,nice application,1,2025-09-11 06:07:23,1,7.75,1.0,Ola
nice person,nice application,1,2025-09-11 06:07:23,1,7.75,0.4224,Ola
login verification,unable to login due to call verification,-1,2025-09-11 05:37:38,1,5.7,0.6528,Ola
unable login,unable to login due to call verification,-1,2025-09-11 05:37:38,1,5.7,0.5951,Ola
unable driver,unable to login due to call verification,-1,2025-09-11 05:37:38,1,5.7,0.3403,Ola
good service,very good service,1,2025-09-11 05:35:48,1,6.25,0.8937,Ola
loved service,very good service,1,2025-09-11 05:35:48,1,6.25,0.5967,Ola
wise good,very good service,1,2025-09-11 05:35:48,1,6.25,0.3583,Ola
save location,The app is good but finding location and all is really difficult and it's too hard to like save a location for future use . So please make it easier to save location,0,2025-09-11 05:07:12,1,6.916666666666667,0.7035,Ola
aap good,The app is good but finding location and all is really difficult and it's too hard to like save a location for future use . So please make it easier to save location,0,2025-09-11 05:07:12,1,6.916666666666667,0.4941,Ola
really difficult,The app is good but finding location and all is really difficult and it's too hard to like save a location for future use . So please make it easier to save location,0,2025-09-11 05:07:12,1,6.916666666666667,0.1013,Ola
use make,The app is good but finding location and all is really difficult and it's too hard to like save a location for future use . So please make it easier to save location,0,2025-09-11 05:07:12,1,6.916666666666667,0.0724,Ola
future,The app is good but finding location and all is really difficult and it's too hard to like save a location for future use . So please make it easier to save location,0,2025-09-11 05:07:12,1,6.916666666666667,0.0416,Ola
cancel trip,drivers cancel rides frequently,-1,2025-09-11 03:58:07,1,6.3,0.7744,Ola
drivers cancel,drivers cancel rides frequently,-1,2025-09-11 03:58:07,1,6.3,0.7262,Ola
rides frequently,drivers cancel rides frequently,-1,2025-09-11 03:58:07,1,6.3,0.5745,Ola
drivers dont,drivers cancel rides frequently,-1,2025-09-11 03:58:07,1,6.3,0.3829,Ola
aaj tak,"ek to iske driver badtameez hain, uper se double time paise leke 1 mahine se jyada din ho gye aaj tak ghuma hi rahe... complaint register date: 04 Aug 2025 or aaj tak mera paisa refund nhi hua.",0,2025-09-11 03:51:19,1,5.9,0.5145,Ola
paisa refund,"ek to iske driver badtameez hain, uper se double time paise leke 1 mahine se jyada din ho gye aaj tak ghuma hi rahe... complaint register date: 04 Aug 2025 or aaj tak mera paisa refund nhi hua.",0,2025-09-11 03:51:19,1,5.9,0.3972,Ola
driver badly,"ek to iske driver badtameez hain, uper se double time paise leke 1 mahine se jyada din ho gye aaj tak ghuma hi rahe... complaint register date: 04 Aug 2025 or aaj tak mera paisa refund nhi hua.",0,2025-09-11 03:51:19,1,5.9,0.3967,Ola
se double,"ek to iske driver badtameez hain, uper se double time paise leke 1 mahine se jyada din ho gye aaj tak ghuma hi rahe... complaint register date: 04 Aug 2025 or aaj tak mera paisa refund nhi hua.",0,2025-09-11 03:51:19,1,5.9,0.2754,Ola
register date,"ek to iske driver badtameez hain, uper se double time paise leke 1 mahine se jyada din ho gye aaj tak ghuma hi rahe... complaint register date: 04 Aug 2025 or aaj tak mera paisa refund nhi hua.",0,2025-09-11 03:51:19,1,5.9,0.1706,Ola
location sensor,The most incompetent Location sensor I've ever seen.,-1,2025-09-11 03:50:20,1,6.083333333333333,0.6963,Ola
incompetent location,The most incompetent Location sensor I've ever seen.,-1,2025-09-11 03:50:20,1,6.083333333333333,0.6125,Ola
sensor ve,The most incompetent Location sensor I've ever seen.,-1,2025-09-11 03:50:20,1,6.083333333333333,0.4681,Ola
ve seen,The most incompetent Location sensor I've ever seen.,-1,2025-09-11 03:50:20,1,6.083333333333333,0.0902,Ola
worst app,Worst app... whenever I am in an emergency app never works... Minus stars .... minus points... worst worst worst worst...,-1,2025-09-11 03:08:11,1,6.25,0.7623,Ola
facility emergency,Worst app... whenever I am in an emergency app never works... Minus stars .... minus points... worst worst worst worst...,-1,2025-09-11 03:08:11,1,6.25,0.4377,Ola
stars minus,Worst app... whenever I am in an emergency app never works... Minus stars .... minus points... worst worst worst worst...,-1,2025-09-11 03:08:11,1,6.25,0.2855,Ola
point,Worst app... whenever I am in an emergency app never works... Minus stars .... minus points... worst worst worst worst...,-1,2025-09-11 03:08:11,1,6.25,0.2417,Ola
works abysmal,Worst app... whenever I am in an emergency app never works... Minus stars .... minus points... worst worst worst worst...,-1,2025-09-11 03:08:11,1,6.25,0.1728,Ola
cancel trip,"give the option to rate the drivers who make you wait for 5+ minutes and then cancel the trip from their end. This is happening on a regular basis now. Ola was supposed to be a quicker travelling option, book a cab anytime from the comfort of your home. Now you have to start booking a cab at least 20-30 minutes before you leave the house because 3-5 drivers will cancel after accepting the ride.",-1,2025-09-11 02:55:21,1,13.15,0.4972,Ola
cab anytime,"give the option to rate the drivers who make you wait for 5+ minutes and then cancel the trip from their end. This is happening on a regular basis now. Ola was supposed to be a quicker travelling option, book a cab anytime from the comfort of your home. Now you have to start booking a cab at least 20-30 minutes before you leave the house because 3-5 drivers will cancel after accepting the ride.",-1,2025-09-11 02:55:21,1,13.15,0.3747,Ola
great drivers,"give the option to rate the drivers who make you wait for 5+ minutes and then cancel the trip from their end. This is happening on a regular basis now. Ola was supposed to be a quicker travelling option, book a cab anytime from the comfort of your home. Now you have to start booking a cab at least 20-30 minutes before you leave the house because 3-5 drivers will cancel after accepting the ride.",-1,2025-09-11 02:55:21,1,13.15,0.2722,Ola
basis ola,"give the option to rate the drivers who make you wait for 5+ minutes and then cancel the trip from their end. This is happening on a regular basis now. Ola was supposed to be a quicker travelling option, book a cab anytime from the comfort of your home. Now you have to start booking a cab at least 20-30 minutes before you leave the house because 3-5 drivers will cancel after accepting the ride.",-1,2025-09-11 02:55:21,1,13.15,0.2681,Ola
supposed,"give the option to rate the drivers who make you wait for 5+ minutes and then cancel the trip from their end. This is happening on a regular basis now. Ola was supposed to be a quicker travelling option, book a cab anytime from the comfort of your home. Now you have to start booking a cab at least 20-30 minutes before you leave the house because 3-5 drivers will cancel after accepting the ride.",-1,2025-09-11 02:55:21,1,13.15,0.1868,Ola
ola booking,I had a very bad experience with the ola when i was booking a ride in the city every time taking lots of time and the moment the cab driver cancelled the booking.,-1,2025-09-11 02:54:39,1,9.2,0.6162,Ola
drivers cancel,I had a very bad experience with the ola when i was booking a ride in the city every time taking lots of time and the moment the cab driver cancelled the booking.,-1,2025-09-11 02:54:39,1,9.2,0.4045,Ola
ride city,I had a very bad experience with the ola when i was booking a ride in the city every time taking lots of time and the moment the cab driver cancelled the booking.,-1,2025-09-11 02:54:39,1,9.2,0.357,Ola
moment cab,I had a very bad experience with the ola when i was booking a ride in the city every time taking lots of time and the moment the cab driver cancelled the booking.,-1,2025-09-11 02:54:39,1,9.2,0.2305,Ola
lots time,I had a very bad experience with the ola when i was booking a ride in the city every time taking lots of time and the moment the cab driver cancelled the booking.,-1,2025-09-11 02:54:39,1,9.2,0.0917,Ola
compared,rates are more compared to other apps,0,2025-09-11 02:43:59,1,9.3,0.7564,Ola
apps,rates are more compared to other apps,0,2025-09-11 02:43:59,1,9.3,0.6665,Ola
rates,rates are more compared to other apps,0,2025-09-11 02:43:59,1,9.3,0.6597,Ola
good service,good service üëç,1,2025-09-11 02:42:13,1,1.3833333333333333,0.8739,Ola
loved service,good service üëç,1,2025-09-11 02:42:13,1,1.3833333333333333,0.519,Ola
wise good,good service üëç,1,2025-09-11 02:42:13,1,1.3833333333333333,0.3699,Ola
best far,best,0,2025-09-11 02:39:16,1,4.416666666666667,1.0,Ola
wise good,good,1,2025-09-11 02:02:20,1,10.55,1.0,Ola
timely pickup,Value of money & timely pickup and drop. Polite behavior. EXCELLENT.,1,2025-09-11 01:26:54,1,7.133333333333334,0.5697,Ola
drop polite,Value of money & timely pickup and drop. Polite behavior. EXCELLENT.,1,2025-09-11 01:26:54,1,7.133333333333334,0.5032,Ola
value money,Value of money & timely pickup and drop. Polite behavior. EXCELLENT.,1,2025-09-11 01:26:54,1,7.133333333333334,0.4452,Ola
bad behavior,Value of money & timely pickup and drop. Polite behavior. EXCELLENT.,1,2025-09-11 01:26:54,1,7.133333333333334,0.3637,Ola
excellent,Value of money & timely pickup and drop. Polite behavior. EXCELLENT.,1,2025-09-11 01:26:54,1,7.133333333333334,0.256,Ola
assam bhi,OLA ko dibrugarh assam me bhi laya jaye here is too much opportunity local system is worst,-1,2025-09-11 01:11:41,1,16.383333333333333,0.5854,Ola
local worst,OLA ko dibrugarh assam me bhi laya jaye here is too much opportunity local system is worst,-1,2025-09-11 01:11:41,1,16.383333333333333,0.4309,Ola
ko dibrugarh,OLA ko dibrugarh assam me bhi laya jaye here is too much opportunity local system is worst,-1,2025-09-11 01:11:41,1,16.383333333333333,0.3828,Ola
jaye opportunity,OLA ko dibrugarh assam me bhi laya jaye here is too much opportunity local system is worst,-1,2025-09-11 01:11:41,1,16.383333333333333,0.3413,Ola
laya,OLA ko dibrugarh assam me bhi laya jaye here is too much opportunity local system is worst,-1,2025-09-11 01:11:41,1,16.383333333333333,0.2542,Ola
good service,good service,1,2025-09-11 00:30:00,1,1.9,1.0,Ola
loved service,good service,1,2025-09-11 00:30:00,1,1.9,0.6827,Ola
wise good,good service,1,2025-09-11 00:30:00,1,1.9,0.4384,Ola
comfortable journey,easy and comfortable journey for this,1,2025-09-11 00:02:26,1,117.53333333333333,0.8568,Ola
clean comfortable,easy and comfortable journey for this,1,2025-09-11 00:02:26,1,117.53333333333333,0.644,Ola
nice journey,easy and comfortable journey for this,1,2025-09-11 00:02:26,1,117.53333333333333,0.6342,Ola
dirty uncomfortable,easy and comfortable journey for this,1,2025-09-11 00:02:26,1,117.53333333333333,0.5326,Ola
easy smooth,easy and comfortable journey for this,1,2025-09-11 00:02:26,1,117.53333333333333,0.3607,Ola
app driver,very bad not app for driver,-1,2025-09-10 23:58:41,1,4.083333333333333,0.744,Ola
bad app,very bad not app for driver,-1,2025-09-10 23:58:41,1,4.083333333333333,0.6747,Ola
drivers dont,very bad not app for driver,-1,2025-09-10 23:58:41,1,4.083333333333333,0.5491,Ola
price app,very bad not app for driver,-1,2025-09-10 23:58:41,1,4.083333333333333,0.5032,Ola
bad experience,very bad not app for driver,-1,2025-09-10 23:58:41,1,4.083333333333333,0.3582,Ola
app moves,maps cant pick proper location. if i select manually app moves it forcefully,0,2025-09-10 23:58:25,1,5.116666666666666,0.5553,Ola
google maps,maps cant pick proper location. if i select manually app moves it forcefully,0,2025-09-10 23:58:25,1,5.116666666666666,0.4086,Ola
proper location,maps cant pick proper location. if i select manually app moves it forcefully,0,2025-09-10 23:58:25,1,5.116666666666666,0.327,Ola
man,maps cant pick proper location. if i select manually app moves it forcefully,0,2025-09-10 23:58:25,1,5.116666666666666,0.2569,Ola
forcefully,maps cant pick proper location. if i select manually app moves it forcefully,0,2025-09-10 23:58:25,1,5.116666666666666,0.1734,Ola
wise good,very good,1,2025-09-10 23:54:32,1,10.166666666666666,0.7071,Ola
wise good,good,1,2025-09-10 23:35:51,1,6.883333333333334,1.0,Ola
app driver,very poor app and not driver support,-1,2025-09-10 22:57:16,1,8.683333333333334,0.7563,Ola
poor app,very poor app and not driver support,-1,2025-09-10 22:57:16,1,8.683333333333334,0.6596,Ola
driver support,very poor app and not driver support,-1,2025-09-10 22:57:16,1,8.683333333333334,0.5878,Ola
distances support,very poor app and not driver support,-1,2025-09-10 22:57:16,1,8.683333333333334,0.241,Ola
wise good,good,1,2025-09-10 21:26:51,1,6.366666666666666,1.0,Ola
best rides,best ride,1,2025-09-10 20:54:21,1,8.533333333333333,1.0,Ola
rides ubder,best ride,1,2025-09-10 20:54:21,1,8.533333333333333,0.7713,Ola
best far,best ride,1,2025-09-10 20:54:21,1,8.533333333333333,0.5463,Ola
great experience,great experience...,1,2025-09-10 20:21:03,1,12.05,0.7599,Ola
bad experience,great experience...,1,2025-09-10 20:21:03,1,12.05,0.4165,Ola
doing great,great experience...,1,2025-09-10 20:21:03,1,12.05,0.265,Ola
invoice ledger,"Subject: Request for Invoice/Ledger Statement of Rides Dear Ola Cabs Team, I kindly request you to provide me with an invoice or ledger statement of all my rides taken from the date of my first ride until today. If that is not feasible, please share the statement from January 2024 till date. I need this information on an urgent basis, and I would appreciate your prompt assistance. Thank you for your support.",0,2025-09-10 19:27:45,1,6.25,0.5764,Ola
date ride,"Subject: Request for Invoice/Ledger Statement of Rides Dear Ola Cabs Team, I kindly request you to provide me with an invoice or ledger statement of all my rides taken from the date of my first ride until today. If that is not feasible, please share the statement from January 2024 till date. I need this information on an urgent basis, and I would appreciate your prompt assistance. Thank you for your support.",0,2025-09-10 19:27:45,1,6.25,0.4032,Ola
share statement,"Subject: Request for Invoice/Ledger Statement of Rides Dear Ola Cabs Team, I kindly request you to provide me with an invoice or ledger statement of all my rides taken from the date of my first ride until today. If that is not feasible, please share the statement from January 2024 till date. I need this information on an urgent basis, and I would appreciate your prompt assistance. Thank you for your support.",0,2025-09-10 19:27:45,1,6.25,0.2616,Ola
dear ola,"Subject: Request for Invoice/Ledger Statement of Rides Dear Ola Cabs Team, I kindly request you to provide me with an invoice or ledger statement of all my rides taken from the date of my first ride until today. If that is not feasible, please share the statement from January 2024 till date. I need this information on an urgent basis, and I would appreciate your prompt assistance. Thank you for your support.",0,2025-09-10 19:27:45,1,6.25,0.259,Ola
need information,"Subject: Request for Invoice/Ledger Statement of Rides Dear Ola Cabs Team, I kindly request you to provide me with an invoice or ledger statement of all my rides taken from the date of my first ride until today. If that is not feasible, please share the statement from January 2024 till date. I need this information on an urgent basis, and I would appreciate your prompt assistance. Thank you for your support.",0,2025-09-10 19:27:45,1,6.25,0.2072,Ola
comfortable journey,very comfortable journey ‚ò∫Ô∏è,1,2025-09-10 19:15:45,1,6.733333333333333,0.8198,Ola
nice journey,very comfortable journey ‚ò∫Ô∏è,1,2025-09-10 19:15:45,1,6.733333333333333,0.6129,Ola
dirty uncomfortable,very comfortable journey ‚ò∫Ô∏è,1,2025-09-10 19:15:45,1,6.733333333333333,0.5299,Ola
class app,3rd class app,0,2025-09-10 19:05:54,1,8.45,0.8244,Ola
3rd class,3rd class app,0,2025-09-10 19:05:54,1,8.45,0.6782,Ola
price app,3rd class app,0,2025-09-10 19:05:54,1,8.45,0.577,Ola
wise good,good,1,2025-09-10 18:48:51,1,8.433333333333334,1.0,Ola
best service,best service üëåüëå,1,2025-09-10 18:43:42,1,14.116666666666667,0.8689,Ola
loved service,best service üëåüëå,1,2025-09-10 18:43:42,1,14.116666666666667,0.6411,Ola
best far,best service üëåüëå,1,2025-09-10 18:43:42,1,14.116666666666667,0.5408,Ola
booking different,ok,0,2025-09-10 18:38:00,1,14.65,1.0,Ola
nice person,nic,0,2025-09-10 18:27:27,1,6.216666666666667,1.0,Ola
absolutely pathetic,Pathetic ü§¢,-1,2025-09-10 18:18:53,1,3.1666666666666665,0.83,Ola
underpaid driver,very bad for driver,-1,2025-09-10 17:36:51,1,5.15,0.6947,Ola
drivers dont,very bad for driver,-1,2025-09-10 17:36:51,1,5.15,0.5309,Ola
bad experience,very bad for driver,-1,2025-09-10 17:36:51,1,5.15,0.4889,Ola
bakbah app,bakbah app hai,0,2025-09-10 17:11:40,0,,0.899,Ola
app happened,bakbah app hai,0,2025-09-10 17:11:40,0,,0.7531,Ola
hai coustomer,bakbah app hai,0,2025-09-10 17:11:40,0,,0.5393,Ola
price app,bakbah app hai,0,2025-09-10 17:11:40,0,,0.5318,Ola
excellent,excellentüíØ,1,2025-09-10 17:02:50,1,9.3,0.2468,Ola
item delivery,"I requested for item delivery, not a ride. The person delayed on purpose, which made my charges more than double. At payment time, the fare showed even higher, and the excuse given was traffic. Very poor service, no customer support available, and no help from customer care despite several tries. Very disappointing experience. I'm not suggested to anyone.",-1,2025-09-10 16:59:54,1,2.6666666666666665,0.5094,Ola
traffic poor,"I requested for item delivery, not a ride. The person delayed on purpose, which made my charges more than double. At payment time, the fare showed even higher, and the excuse given was traffic. Very poor service, no customer support available, and no help from customer care despite several tries. Very disappointing experience. I'm not suggested to anyone.",-1,2025-09-10 16:59:54,1,2.6666666666666665,0.3811,Ola
ride person,"I requested for item delivery, not a ride. The person delayed on purpose, which made my charges more than double. At payment time, the fare showed even higher, and the excuse given was traffic. Very poor service, no customer support available, and no help from customer care despite several tries. Very disappointing experience. I'm not suggested to anyone.",-1,2025-09-10 16:59:54,1,2.6666666666666665,0.2602,Ola
higher excuse,"I requested for item delivery, not a ride. The person delayed on purpose, which made my charges more than double. At payment time, the fare showed even higher, and the excuse given was traffic. Very poor service, no customer support available, and no help from customer care despite several tries. Very disappointing experience. I'm not suggested to anyone.",-1,2025-09-10 16:59:54,1,2.6666666666666665,0.2144,Ola
experience suggested,"I requested for item delivery, not a ride. The person delayed on purpose, which made my charges more than double. At payment time, the fare showed even higher, and the excuse given was traffic. Very poor service, no customer support available, and no help from customer care despite several tries. Very disappointing experience. I'm not suggested to anyone.",-1,2025-09-10 16:59:54,1,2.6666666666666665,0.1931,Ola
app driver,very bad nood aap for driver,-1,2025-09-10 16:59:39,0,,0.7142,Ola
nood aap,very bad nood aap for driver,-1,2025-09-10 16:59:39,0,,0.6945,Ola
bad nood,very bad nood aap for driver,-1,2025-09-10 16:59:39,0,,0.6288,Ola
drivers dont,very bad nood aap for driver,-1,2025-09-10 16:59:39,0,,0.4136,Ola
bad experience,very bad nood aap for driver,-1,2025-09-10 16:59:39,0,,0.2537,Ola
bilkul kharb,bilkul kharb,0,2025-09-10 16:17:40,1,6.033333333333333,1.0,Ola
super,super,0,2025-09-10 16:06:08,1,5.666666666666667,1.0,Ola
data coverage,average,0,2025-09-10 15:39:22,1,5.283333333333333,1.0,Ola
